S1,S2,S3,S4,A,R,SP1,SP2,SP3,SP4,TRML
-0.0285962308989657,0.0304133139579706,0.0486380696580494,-0.00380254549469058,1,1,-0.0279879646198062,0.224805202176615,0.0485620187481556,-0.280751591562802,FALSE
-0.0279879646198062,0.224805202176615,0.0485620187481556,-0.280751591562802,0,1,-0.023491860576274,0.0290253843691416,0.0429469869168995,0.0268435495692689,FALSE
-0.023491860576274,0.0290253843691416,0.0429469869168995,0.0268435495692689,1,1,-0.0229113528888911,0.223505969377192,0.0434838579082849,-0.251985804866308,FALSE
-0.0229113528888911,0.223505969377192,0.0434838579082849,-0.251985804866308,0,1,-0.0184412335013473,0.0277909357224785,0.0384441418109587,0.0540894648836928,FALSE
-0.0184412335013473,0.0277909357224785,0.0384441418109587,0.0540894648836928,1,1,-0.0178854147868977,0.222341165624019,0.0395259311086326,-0.226220460808902,FALSE
-0.0178854147868977,0.222341165624019,0.0395259311086326,-0.226220460808902,1,1,-0.0134385914744173,0.416876593627807,0.0350015218924545,-0.506178092410092,FALSE
-0.0134385914744173,0.416876593627807,0.0350015218924545,-0.506178092410092,0,1,-0.0051010596018612,0.221279353241842,0.0248779600442527,-0.202673587660841,FALSE
-0.0051010596018612,0.221279353241842,0.0248779600442527,-0.202673587660841,1,1,-0.000675472537024371,0.416036844148191,0.0208244882910359,-0.48740605943176,FALSE
-0.000675472537024371,0.416036844148191,0.0208244882910359,-0.48740605943176,0,1,0.00764526434593945,0.220627351453559,0.0110763671024007,-0.188233416891522,FALSE
0.00764526434593945,0.220627351453559,0.0110763671024007,-0.188233416891522,1,1,0.0120578113750106,0.415589097124182,0.00731169876457024,-0.477401710945022,FALSE
0.0120578113750106,0.415589097124182,0.00731169876457024,-0.477401710945022,1,1,0.0203695933174943,0.610607054535368,-0.0022363354543302,-0.767771207431108,FALSE
0.0203695933174943,0.610607054535368,-0.0022363354543302,-0.767771207431108,0,1,0.0325817344082016,0.415515960818956,-0.0175917596029524,-0.475792780698362,FALSE
0.0325817344082016,0.415515960818956,-0.0175917596029524,-0.475792780698362,1,1,0.0408920536245808,0.610881843061158,-0.0271076152169196,-0.773967970885929,FALSE
0.0408920536245808,0.610881843061158,-0.0271076152169196,-0.773967970885929,1,1,0.0531096904858039,0.806366018422725,-0.0425869746346382,-1.07505516871729,FALSE
0.0531096904858039,0.806366018422725,-0.0425869746346382,-1.07505516871729,0,1,0.0692370108542584,0.611831884176828,-0.064088078008984,-0.796035326271448,FALSE
0.0692370108542584,0.611831884176828,-0.064088078008984,-0.796035326271448,1,1,0.081473648537795,0.807772038494762,-0.0800087845344129,-1.10817117766903,FALSE
0.081473648537795,0.807772038494762,-0.0800087845344129,-1.10817117766903,1,1,0.0976290893076902,1.00384914079663,-0.102172208087794,-1.42484345081571,FALSE
0.0976290893076902,1.00384914079663,-0.102172208087794,-1.42484345081571,1,1,0.117706072123623,1.20007483348548,-0.130669077104108,-1.74763339575114,FALSE
0.117706072123623,1.20007483348548,-0.130669077104108,-1.74763339575114,0,1,0.141707568793332,1.00665763090409,-0.165621745019131,-1.49828841097291,FALSE
0.141707568793332,1.00665763090409,-0.165621745019131,-1.49828841097291,1,1,0.161840721411414,1.20335936073277,-0.195587513238589,-1.83777400466277,FALSE
0.161840721411414,1.20335936073277,-0.195587513238589,-1.83777400466277,1,-100,0.18590790862607,1.40003144292134,-0.232342993331844,-2.1842942094307,TRUE
-0.0293242244105773,0.0339789484330971,0.0164614753645596,-0.0180929235977367,1,1,-0.0286446454419153,0.228861002172869,0.0160996168926049,-0.305536943038359,FALSE
-0.0286446454419153,0.228861002172869,0.0160996168926049,-0.305536943038359,1,1,-0.024067425398458,0.423749871564484,0.00998887803183771,-0.593099278996425,FALSE
-0.024067425398458,0.423749871564484,0.00998887803183771,-0.593099278996425,0,1,-0.0155924279671683,0.228489528252407,-0.00187310754809079,-0.297286694570573,FALSE
-0.0155924279671683,0.228489528252407,-0.00187310754809079,-0.297286694570573,1,1,-0.0110226374021201,0.423638130907282,-0.00781884143950226,-0.590559778336331,FALSE
-0.0110226374021201,0.423638130907282,-0.00781884143950226,-0.590559778336331,0,1,-0.00254987478397449,0.228626520693319,-0.0196300370062289,-0.300350020352157,FALSE
-0.00254987478397449,0.228626520693319,-0.0196300370062289,-0.300350020352157,1,1,0.00202265562989189,0.424022686945479,-0.025637037413272,-0.599158661556945,FALSE
0.00202265562989189,0.424022686945479,-0.025637037413272,-0.599158661556945,0,1,0.0105031093688015,0.229268633332758,-0.0376202106444109,-0.314660041948706,FALSE
0.0105031093688015,0.229268633332758,-0.0376202106444109,-0.314660041948706,0,1,0.0150884820354566,0.0347022081987559,-0.0439134114833851,-0.0340746376054489,FALSE
0.0150884820354566,0.0347022081987559,-0.0439134114833851,-0.0340746376054489,1,1,0.0157825261994317,0.230425483835797,-0.044594904235494,-0.340282917732512,FALSE
0.0157825261994317,0.230425483835797,-0.044594904235494,-0.340282917732512,0,1,0.0203910358761477,0.0359654831769216,-0.0514005625901443,-0.0619894680891041,FALSE
0.0203910358761477,0.0359654831769216,-0.0514005625901443,-0.0619894680891041,0,1,0.0211103455396861,-0.158383260967369,-0.0526403519519264,0.214043516249993,FALSE
0.0211103455396861,-0.158383260967369,-0.0526403519519264,0.214043516249993,1,1,0.0179426803203387,0.0374502144237718,-0.0483594816269265,-0.0947689159045688,FALSE
0.0179426803203387,0.0374502144237718,-0.0483594816269265,-0.0947689159045688,0,1,0.0186916846088142,-0.156946456194121,-0.0502548599450179,0.182273042101019,FALSE
0.0186916846088142,-0.156946456194121,-0.0502548599450179,0.182273042101019,0,1,0.0155527554849317,-0.351314631974621,-0.0466093991029975,0.458688507732369,FALSE
0.0155527554849317,-0.351314631974621,-0.0466093991029975,0.458688507732369,1,1,0.00852646284543933,-0.155565858647574,-0.0374356289483501,0.151686026446411,FALSE
0.00852646284543933,-0.155565858647574,-0.0374356289483501,0.151686026446411,1,1,0.00541514567248784,0.0400715807204231,-0.0344019084194219,-0.152568032417586,FALSE
0.00541514567248784,0.0400715807204231,-0.0344019084194219,-0.152568032417586,1,1,0.0062165772868963,0.235668803948819,-0.0374532690677736,-0.455902434862556,FALSE
0.0062165772868963,0.235668803948819,-0.0374532690677736,-0.455902434862556,1,1,0.0109299533658727,0.431299724599033,-0.0465713177650247,-0.760151711277243,FALSE
0.0109299533658727,0.431299724599033,-0.0465713177650247,-0.760151711277243,0,1,0.0195559478578534,0.236849301221712,-0.0617743519905696,-0.482479343455538,FALSE
0.0195559478578534,0.236849301221712,-0.0617743519905696,-0.482479343455538,0,1,0.0242929338822876,0.0426511678764441,-0.0714239388596803,-0.209887882705892,FALSE
0.0242929338822876,0.0426511678764441,-0.0714239388596803,-0.209887882705892,1,1,0.0251459572398165,0.238717833970156,-0.0756216965137982,-0.52421883181899,FALSE
0.0251459572398165,0.238717833970156,-0.0756216965137982,-0.52421883181899,0,1,0.0299203139192196,0.0447370376872212,-0.086106073150178,-0.25629081550592,FALSE
0.0299203139192196,0.0447370376872212,-0.086106073150178,-0.25629081550592,0,1,0.030815054672964,-0.149056757523387,-0.0912318894602964,0.0080390004897053,FALSE
0.030815054672964,-0.149056757523387,-0.0912318894602964,0.0080390004897053,0,1,0.0278339195224963,-0.342759921752978,-0.0910711094505023,0.270600421283667,FALSE
0.0278339195224963,-0.342759921752978,-0.0910711094505023,0.270600421283667,1,1,0.0209787210874367,-0.146464382074469,-0.0856591010248289,-0.0493605932604778,FALSE
0.0209787210874367,-0.146464382074469,-0.0856591010248289,-0.0493605932604778,0,1,0.0180494334459474,-0.340260267641296,-0.0866463128900385,0.215114417313832,FALSE
0.0180494334459474,-0.340260267641296,-0.0866463128900385,0.215114417313832,0,1,0.0112442280931214,-0.534043515002856,-0.0823440245437618,0.47925668465925,FALSE
0.0112442280931214,-0.534043515002856,-0.0823440245437618,0.47925668465925,0,1,0.000563357793064306,-0.727912326338349,-0.0727588908505768,0.744892763442795,FALSE
0.000563357793064306,-0.727912326338349,-0.0727588908505768,0.744892763442795,1,1,-0.0139948887337027,-0.531865742648456,-0.057861035581721,0.430228681073372,FALSE
-0.0139948887337027,-0.531865742648456,-0.057861035581721,0.430228681073372,1,1,-0.0246322035866718,-0.335974206869491,-0.0492564619602535,0.119881454948635,FALSE
-0.0246322035866718,-0.335974206869491,-0.0492564619602535,0.119881454948635,1,1,-0.0313516877240616,-0.140182408472168,-0.0468588328612808,-0.187925587001716,FALSE
-0.0313516877240616,-0.140182408472168,-0.0468588328612808,-0.187925587001716,1,1,-0.034155335893505,0.0555775410799546,-0.0506173446013151,-0.495014646140971,FALSE
-0.034155335893505,0.0555775410799546,-0.0506173446013151,-0.495014646140971,0,1,-0.0330437850719059,-0.138795409860684,-0.0605176375241345,-0.218703789903619,FALSE
-0.0330437850719059,-0.138795409860684,-0.0605176375241345,-0.218703789903619,0,1,-0.0358196932691195,-0.333002409481293,-0.0648917133222069,0.054292099675694,FALSE
-0.0358196932691195,-0.333002409481293,-0.0648917133222069,0.054292099675694,0,1,-0.0424797414587454,-0.527136783214029,-0.063805871328693,0.325815982998058,FALSE
-0.0424797414587454,-0.527136783214029,-0.063805871328693,0.325815982998058,0,1,-0.053022477123026,-0.721294990440638,-0.0572895516687319,0.597714453603366,FALSE
-0.053022477123026,-0.721294990440638,-0.0572895516687319,0.597714453603366,1,1,-0.0674483769318388,-0.525420165575761,-0.0453352625966645,0.287550327699168,FALSE
-0.0674483769318388,-0.525420165575761,-0.0453352625966645,0.287550327699168,1,1,-0.077956780243354,-0.329682002987994,-0.0395842560426812,-0.0190792464251643,FALSE
-0.077956780243354,-0.329682002987994,-0.0395842560426812,-0.0190792464251643,0,1,-0.0845504203031138,-0.524214572997313,-0.0399658409711845,0.260856294396374,FALSE
-0.0845504203031138,-0.524214572997313,-0.0399658409711845,0.260856294396374,0,1,-0.0950347117630601,-0.718743895010081,-0.034748715083257,0.54067044224902,FALSE
-0.0950347117630601,-0.718743895010081,-0.034748715083257,0.54067044224902,1,1,-0.109409589663262,-0.523151179576287,-0.0239353062382766,0.237244414587624,FALSE
-0.109409589663262,-0.523151179576287,-0.0239353062382766,0.237244414587624,1,1,-0.119872613254787,-0.327695598162796,-0.0191904179465241,-0.0628912874688236,FALSE
-0.119872613254787,-0.327695598162796,-0.0191904179465241,-0.0628912874688236,1,1,-0.126426525218043,-0.132303834405072,-0.0204482436959006,-0.361566603339395,FALSE
-0.126426525218043,-0.132303834405072,-0.0204482436959006,-0.361566603339395,0,1,-0.129072601906145,-0.327129257612041,-0.0276795757626885,-0.0754009279671866,FALSE
-0.129072601906145,-0.327129257612041,-0.0276795757626885,-0.0754009279671866,0,1,-0.135615187058386,-0.521843686462452,-0.0291875943220322,0.208422079631951,FALSE
-0.135615187058386,-0.521843686462452,-0.0291875943220322,0.208422079631951,0,1,-0.146052060787635,-0.716536386584205,-0.0250191527293932,0.49175680794566,FALSE
-0.146052060787635,-0.716536386584205,-0.0250191527293932,0.49175680794566,0,1,-0.160382788519319,-0.911296659812004,-0.01518401657048,0.77645092520247,FALSE
-0.160382788519319,-0.911296659812004,-0.01518401657048,0.77645092520247,1,1,-0.178608721715559,-0.715969206397612,0.000345001933569431,0.479029590291483,FALSE
-0.178608721715559,-0.715969206397612,0.000345001933569431,0.479029590291483,1,1,-0.192928105843511,-0.520852127473181,0.00992559373939909,0.186455419889347,FALSE
-0.192928105843511,-0.520852127473181,0.00992559373939909,0.186455419889347,0,1,-0.203345148392975,-0.716114672714005,0.013654702137186,0.482252886943974,FALSE
-0.203345148392975,-0.716114672714005,0.013654702137186,0.482252886943974,0,1,-0.217667441847255,-0.911426665483608,0.0232997598760655,0.779207922130372,FALSE
-0.217667441847255,-0.911426665483608,0.0232997598760655,0.779207922130372,0,1,-0.235895975156927,-1.1068610861226,0.038883918318673,1.07912949340638,FALSE
-0.235895975156927,-1.1068610861226,0.038883918318673,1.07912949340638,0,1,-0.258033196879379,-1.30247433212147,0.0604665081868005,1.38375656238032,FALSE
-0.258033196879379,-1.30247433212147,0.0604665081868005,1.38375656238032,0,1,-0.284082683521808,-1.49829613816357,0.0881416394344068,1.69471878505491,FALSE
-0.284082683521808,-1.49829613816357,0.0881416394344068,1.69471878505491,1,1,-0.31404860628508,-1.30429507156123,0.122036015135505,1.43072694314962,FALSE
-0.31404860628508,-1.30429507156123,0.122036015135505,1.43072694314962,0,1,-0.340134507716304,-1.50069380634985,0.150650553998497,1.7589236721791,FALSE
-0.340134507716304,-1.50069380634985,0.150650553998497,1.7589236721791,1,1,-0.370148383843301,-1.30756516471075,0.185829027442079,1.51663579011369,FALSE
-0.370148383843301,-1.30756516471075,0.185829027442079,1.51663579011369,0,-100,-0.396299687137516,-1.50438500598433,0.216161743244353,1.86110254136779,TRUE
0.0318054816581635,0.0186949228152475,0.0127803331696389,0.0246826478809585,1,1,0.0321793801144684,0.213631283256663,0.013273986127258,-0.26394069721307,FALSE
0.0321793801144684,0.213631283256663,0.013273986127258,-0.26394069721307,1,1,0.0364520057796017,0.408561277593488,0.00799517218299663,-0.552407491968398,FALSE
0.0364520057796017,0.408561277593488,0.00799517218299663,-0.552407491968398,0,1,0.0446232313314715,0.213327962159045,-0.00305297765637134,-0.257216323079545,FALSE
0.0446232313314715,0.213327962159045,-0.00305297765637134,-0.257216323079545,0,1,0.0488897905746524,0.0182497308189193,-0.00819730411796224,0.0345020861998226,FALSE
0.0488897905746524,0.0182497308189193,-0.00819730411796224,0.0345020861998226,0,1,0.0492547851910307,-0.176753715085013,-0.00750726239396579,0.324587447131722,FALSE
0.0492547851910307,-0.176753715085013,-0.00750726239396579,0.324587447131722,1,1,0.0457197108893305,0.0184743205022546,-0.00101551345133135,0.0295465314411448,FALSE
0.0457197108893305,0.0184743205022546,-0.00101551345133135,0.0295465314411448,0,1,0.0460891972993756,-0.176633052920654,-0.000424582822508451,0.321908879766215,FALSE
0.0460891972993756,-0.176633052920654,-0.000424582822508451,0.321908879766215,0,1,0.0425565362409625,-0.371748955352623,0.00601359477281585,0.61445787968786,FALSE
0.0425565362409625,-0.371748955352623,0.00601359477281585,0.61445787968786,0,1,0.03512155713391,-0.566954416623292,0.018302752366573,0.909028763358462,FALSE
0.03512155713391,-0.566954416623292,0.018302752366573,0.909028763358462,0,1,0.0237824688014442,-0.762319254857859,0.0364833276337423,1.20740764679054,FALSE
0.0237824688014442,-0.762319254857859,0.0364833276337423,1.20740764679054,1,1,0.008536083704287,-0.567687133255707,0.060631480569553,0.92637745821524,FALSE
0.008536083704287,-0.567687133255707,0.060631480569553,0.92637745821524,0,1,-0.00281765896082714,-0.763573140333074,0.0791590297338578,1.23748128620784,FALSE
-0.00281765896082714,-0.763573140333074,0.0791590297338578,1.23748128620784,1,1,-0.0180891217674886,-0.569552340711884,0.103908655458015,0.970609890857474,FALSE
-0.0180891217674886,-0.569552340711884,0.103908655458015,0.970609890857474,0,1,-0.0294801685817263,-0.765903894315373,0.123320853275164,1.2940428454309,FALSE
-0.0294801685817263,-0.765903894315373,0.123320853275164,1.2940428454309,1,1,-0.0447982464680338,-0.572545785285164,0.149201710183782,1.04237283842005,FALSE
-0.0447982464680338,-0.572545785285164,0.149201710183782,1.04237283842005,1,1,-0.0562491621737371,-0.379686234487172,0.170049166952183,0.80000023507754,FALSE
-0.0562491621737371,-0.379686234487172,0.170049166952183,0.80000023507754,1,1,-0.0638428868634805,-0.187253878328239,0.186049171653734,0.565268895391966,FALSE
-0.0638428868634805,-0.187253878328239,0.186049171653734,0.565268895391966,1,1,-0.0675879644300453,0.00483773410495492,0.197354549561573,0.336487389455684,FALSE
-0.0675879644300453,0.00483773410495492,0.197354549561573,0.336487389455684,0,1,-0.0674912097479462,-0.192464955792538,0.204084297350687,0.684342897764245,FALSE
-0.0674912097479462,-0.192464955792538,0.204084297350687,0.684342897764245,1,-100,-0.0713405088637969,-0.00067310849532809,0.217771155305972,0.462210657101845,TRUE
-0.00454165462435392,-0.00446649293276471,0.0208303419785981,-0.0449590616067133,1,1,-0.00463098448300922,0.190350663824659,0.0199311607464639,-0.330997722530061,FALSE
-0.00463098448300922,0.190350663824659,0.0199311607464639,-0.330997722530061,0,1,-0.000823971206516045,-0.00504924449761646,0.0133112062958626,-0.0320967019498991,FALSE
-0.000823971206516045,-0.00504924449761646,0.0133112062958626,-0.0320967019498991,1,1,-0.000924956096468374,0.189879313373955,0.0126692722568647,-0.320550255776463,FALSE
-0.000924956096468374,0.189879313373955,0.0126692722568647,-0.320550255776463,1,1,0.00287263017101072,0.384818568770516,0.0062582671413354,-0.60921100544277,FALSE
0.00287263017101072,0.384818568770516,0.0062582671413354,-0.60921100544277,0,1,0.010569001546421,0.189609692622671,-0.00592595296752,-0.314563506822743,FALSE
0.010569001546421,0.189609692622671,-0.00592595296752,-0.314563506822743,0,1,0.0143611953988745,-0.00542734467009409,-0.0122172231039749,-0.02375530766889,FALSE
0.0143611953988745,-0.00542734467009409,-0.0122172231039749,-0.02375530766889,0,1,0.0142526485054726,-0.200371978209394,-0.0126923292573527,0.265048045516176,FALSE
0.0142526485054726,-0.200371978209394,-0.0126923292573527,0.265048045516176,1,1,0.0102452089412847,-0.00507119180963023,-0.00739136834702913,-0.0316109824960511,FALSE
0.0102452089412847,-0.00507119180963023,-0.00739136834702913,-0.0316109824960511,1,1,0.0101437851050921,0.190155970978328,-0.00802358799695015,-0.326616769936406,FALSE
0.0101437851050921,0.190155970978328,-0.00802358799695015,-0.326616769936406,0,1,0.0139469045246587,-0.00485083166888012,-0.0145559233956783,-0.0364748910814351,FALSE
0.0139469045246587,-0.00485083166888012,-0.0145559233956783,-0.0364748910814351,1,1,0.0138498878912811,0.190476796457338,-0.015285421217307,-0.333714585413885,FALSE
0.0138498878912811,0.190476796457338,-0.015285421217307,-0.333714585413885,1,1,0.0176594238204278,0.385812928969154,-0.0219597129255847,-0.631178294340495,FALSE
0.0176594238204278,0.385812928969154,-0.0219597129255847,-0.631178294340495,1,1,0.0253756823998109,0.581234284646882,-0.0345832788123946,-0.930695289036547,FALSE
0.0253756823998109,0.581234284646882,-0.0345832788123946,-0.930695289036547,1,1,0.0370003680927485,0.776805487877868,-0.0531971845931255,-1.2340421409001,FALSE
0.0370003680927485,0.776805487877868,-0.0531971845931255,-1.2340421409001,1,1,0.0525364778503059,0.97256942895687,-0.0778780274111276,-1.5429052468904,FALSE
0.0525364778503059,0.97256942895687,-0.0778780274111276,-1.5429052468904,0,1,0.0719878664294433,0.778465129183175,-0.108736132348936,-1.27550428408061,FALSE
0.0719878664294433,0.778465129183175,-0.108736132348936,-1.27550428408061,0,1,0.0875571690131068,0.58488491533763,-0.134246218030548,-1.01875433956203,FALSE
0.0875571690131068,0.58488491533763,-0.134246218030548,-1.01875433956203,1,1,0.0992548673198594,0.781515842035388,-0.154621304821788,-1.35039689457749,FALSE
0.0992548673198594,0.781515842035388,-0.154621304821788,-1.35039689457749,1,1,0.114885184160567,0.978204779035052,-0.181629242713338,-1.68718827312026,FALSE
0.114885184160567,0.978204779035052,-0.181629242713338,-1.68718827312026,1,-100,0.134449279741268,1.17490340002843,-0.215373008175743,-2.03048875705381,TRUE
-0.0142208654644671,0.045454978928018,-0.00604909778793026,-0.0225652464917434,0,1,-0.0133117658859068,-0.149579702312226,-0.00650040271776513,0.268202999010282,FALSE
-0.0133117658859068,-0.149579702312226,-0.00650040271776513,0.268202999010282,0,1,-0.0163033599321513,-0.344608284064763,-0.00113634273755949,0.558828585986939,FALSE
-0.0163033599321513,-0.344608284064763,-0.00113634273755949,0.558828585986939,0,1,-0.0231955256134465,-0.539714266258607,0.0100402289821793,0.851153285633201,FALSE
-0.0231955256134465,-0.539714266258607,0.0100402289821793,0.851153285633201,0,1,-0.0339898109386187,-0.73497166296016,0.0270632946948433,1.14697639616996,FALSE
-0.0339898109386187,-0.73497166296016,0.0270632946948433,1.14697639616996,0,1,-0.0486892441978219,-0.930436348549606,0.0500028226182424,1.44802169655233,FALSE
-0.0486892441978219,-0.930436348549606,0.0500028226182424,1.44802169655233,0,1,-0.067297971168814,-1.12613620126325,0.0789632565492889,1.75589927800316,FALSE
-0.067297971168814,-1.12613620126325,0.0789632565492889,1.75589927800316,1,1,-0.0898206951940789,-0.9319931145561,0.114081242109352,1.48878314616097,FALSE
-0.0898206951940789,-0.9319931145561,0.114081242109352,1.48878314616097,0,1,-0.108460557485201,-1.12830470855976,0.143856905032572,1.81480361866008,FALSE
-0.108460557485201,-1.12830470855976,0.143856905032572,1.81480361866008,0,1,-0.131026651656396,-1.3247054314242,0.180152977405773,2.14850980330643,FALSE
-0.131026651656396,-1.3247054314242,0.180152977405773,2.14850980330643,1,-100,-0.15752076028488,-1.13175792768627,0.223123173471902,1.91645139896207,TRUE
0.0132116075805316,0.0214493016114362,0.00856525236393652,-0.0154905277867224,0,1,0.0136405936127603,-0.173794431793222,0.00825544180820207,0.279882482960801,FALSE
0.0136405936127603,-0.173794431793222,0.00825544180820207,0.279882482960801,1,1,0.0101647049768959,0.0212087881811448,0.0138530914674181,-0.0101853072930944,FALSE
0.0101647049768959,0.0212087881811448,0.0138530914674181,-0.0101853072930944,1,1,0.0105888807405187,0.216129355704232,0.0136493853215562,-0.298465425268111,FALSE
0.0105888807405187,0.216129355704232,0.0136493853215562,-0.298465425268111,0,1,0.0149114678546034,0.02081552523019,0.00768007681619397,-0.00150917551542434,FALSE
0.0149114678546034,0.02081552523019,0.00768007681619397,-0.00150917551542434,1,1,0.0153277783592072,0.215826495631362,0.00764989330588548,-0.291759083938616,FALSE
0.0153277783592072,0.215826495631362,0.00764989330588548,-0.291759083938616,0,1,0.0196443082718344,0.0205963092851868,0.00181471162711317,0.00332667353827376,FALSE
0.0196443082718344,0.0205963092851868,0.00181471162711317,0.00332667353827376,1,1,0.0200562344575382,0.215692187949938,0.00188124509787865,-0.288783137669313,FALSE
0.0200562344575382,0.215692187949938,0.00188124509787865,-0.288783137669313,0,1,0.0243700782165369,0.020543460582597,-0.00389441765550761,0.00449252112871718,FALSE
0.0243700782165369,0.020543460582597,-0.00389441765550761,0.00449252112871718,0,1,0.0247809474281889,-0.174522423158062,-0.00380456723293326,0.29594417199754,FALSE
0.0247809474281889,-0.174522423158062,-0.00380456723293326,0.29594417199754,0,1,0.0212904989650276,-0.369589930329353,0.00211431620701753,0.587424775026589,FALSE
0.0212904989650276,-0.369589930329353,0.00211431620701753,0.587424775026589,1,1,0.0138987003584406,-0.174497653434757,0.0138628117075493,0.295408622281767,FALSE
0.0138987003584406,-0.174497653434757,0.0138628117075493,0.295408622281767,1,1,0.0104087472897454,0.0204239496925263,0.0197709841531846,0.00712984790912158,FALSE
0.0104087472897454,0.0204239496925263,0.0197709841531846,0.00712984790912158,0,1,0.0108172262835959,-0.17497588344134,0.0199135811113671,0.305984604990403,FALSE
0.0108172262835959,-0.17497588344134,0.0199135811113671,0.305984604990403,0,1,0.00731770861476914,-0.37037586125718,0.0260332732111751,0.604880665048157,FALSE
0.00731770861476914,-0.37037586125718,0.0260332732111751,0.604880665048157,1,1,-8.98086103744483e-05,-0.175627460314834,0.0381308865121383,0.320509966180017,FALSE
-8.98086103744483e-05,-0.175627460314834,0.0381308865121383,0.320509966180017,0,1,-0.00360235781667113,-0.371271109757127,0.0445410858357386,0.624969886225392,FALSE
-0.00360235781667113,-0.371271109757127,0.0445410858357386,0.624969886225392,0,1,-0.0110277800118137,-0.56698564162721,0.0570404835602465,0.931341272163678,FALSE
-0.0110277800118137,-0.56698564162721,0.0570404835602465,0.931341272163678,1,1,-0.0223674928443579,-0.372677925966622,0.07566730900352,0.657114532098709,FALSE
-0.0223674928443579,-0.372677925966622,0.07566730900352,0.657114532098709,0,1,-0.0298210513636903,-0.568767080584174,0.0888095996454942,0.972631594585064,FALSE
-0.0298210513636903,-0.568767080584174,0.0888095996454942,0.972631594585064,1,1,-0.0411963929753738,-0.374941808778773,0.108262231537195,0.709115193083017,FALSE
-0.0411963929753738,-0.374941808778773,0.108262231537195,0.709115193083017,0,1,-0.0486952291509493,-0.571383473886489,0.122444535398856,1.03381950566094,FALSE
-0.0486952291509493,-0.571383473886489,0.122444535398856,1.03381950566094,1,1,-0.060122898628679,-0.378083698242612,0.143120925512075,0.781949495002777,FALSE
-0.060122898628679,-0.378083698242612,0.143120925512075,0.781949495002777,0,1,-0.0676845725935313,-0.574852304705995,0.15875991541213,1.11601871338938,FALSE
-0.0676845725935313,-0.574852304705995,0.15875991541213,1.11601871338938,1,1,-0.0791816186876512,-0.382129486591328,0.181080289679918,0.877049571469678,FALSE
-0.0791816186876512,-0.382129486591328,0.181080289679918,0.877049571469678,0,1,-0.0868242084194777,-0.579189189660799,0.198621281109311,1.22075329024793,FALSE
-0.0868242084194777,-0.579189189660799,0.198621281109311,1.22075329024793,0,-100,-0.0984079922126937,-0.776237092986709,0.22303634691427,1.5685255355566,TRUE
-0.0105878882312389,-0.0176726228354451,-0.0314988941874376,0.0199387485764147,1,1,-0.0109413406879478,0.177886565040865,-0.0311001192159093,-0.282513666374778,FALSE
-0.0109413406879478,0.177886565040865,-0.0311001192159093,-0.282513666374778,0,1,-0.00738360938713048,-0.0167783014104358,-0.0367503925434049,0.000200471074520037,FALSE
-0.00738360938713048,-0.0167783014104358,-0.0367503925434049,0.000200471074520037,1,1,-0.0077191754153392,0.178850905677882,-0.0367463831219145,-0.303847383992025,FALSE
-0.0077191754153392,0.178850905677882,-0.0367463831219145,-0.303847383992025,0,1,-0.00414215730178155,-0.0157286157284986,-0.042823330801755,-0.0229761402646735,FALSE
-0.00414215730178155,-0.0157286157284986,-0.042823330801755,-0.0229761402646735,1,1,-0.00445672961635152,0.179980467285827,-0.0432828536070485,-0.328856843491231,FALSE
-0.00445672961635152,0.179980467285827,-0.0432828536070485,-0.328856843491231,0,1,-0.000857120270634983,-0.0144994423951507,-0.0498599904768731,-0.0501313772021492,FALSE
-0.000857120270634983,-0.0144994423951507,-0.0498599904768731,-0.0501313772021492,0,1,-0.001147109118538,-0.208872307231976,-0.0508626180209161,0.226412819936887,FALSE
-0.001147109118538,-0.208872307231976,-0.0508626180209161,0.226412819936887,1,1,-0.00532455526317751,-0.013061745344507,-0.0463343616221783,-0.0818703455007442,FALSE
-0.00532455526317751,-0.013061745344507,-0.0463343616221783,-0.0818703455007442,0,1,-0.00558579017006765,-0.207489927019992,-0.0479717685321932,0.19584149493225,FALSE
-0.00558579017006765,-0.207489927019992,-0.0479717685321932,0.19584149493225,0,1,-0.00973558871046749,-0.401894032190017,-0.0440549386335482,0.473013890659068,FALSE
-0.00973558871046749,-0.401894032190017,-0.0440549386335482,0.473013890659068,0,1,-0.0177734693542678,-0.596367001989056,-0.0345946608203669,0.751492348103284,FALSE
-0.0177734693542678,-0.596367001989056,-0.0345946608203669,0.751492348103284,0,1,-0.0297008093940489,-0.790995230796862,-0.0195648138583012,1.03309121014048,FALSE
-0.0297008093940489,-0.790995230796862,-0.0195648138583012,1.03309121014048,1,1,-0.0455207140099862,-0.59561860509792,0.00109701034450841,0.734330671468407,FALSE
-0.0455207140099862,-0.59561860509792,0.00109701034450841,0.734330671468407,1,1,-0.0574330861119446,-0.400511826654527,0.0157836237738765,0.441993200878157,FALSE
-0.0574330861119446,-0.400511826654527,0.0157836237738765,0.441993200878157,0,1,-0.0654433226450351,-0.595853531928822,0.0246234877914397,0.739609454216852,FALSE
-0.0654433226450351,-0.595853531928822,0.0246234877914397,0.739609454216852,0,1,-0.0773603932836116,-0.791306668087536,0.0394156768757767,1.03993885703225,FALSE
-0.0773603932836116,-0.791306668087536,0.0394156768757767,1.03993885703225,1,1,-0.0931865266453623,-0.596729941115679,0.0602144540164217,0.759885666050632,FALSE
-0.0931865266453623,-0.596729941115679,0.0602144540164217,0.759885666050632,0,1,-0.105121125467676,-0.792627559914009,0.0754121673374344,1.07089189739078,FALSE
-0.105121125467676,-0.792627559914009,0.0754121673374344,1.07089189739078,1,1,-0.120973676665956,-0.598579334406786,0.0968300052852501,0.802796999034391,FALSE
-0.120973676665956,-0.598579334406786,0.0968300052852501,0.802796999034391,0,1,-0.132945263354092,-0.79488626104417,0.112885945265938,1.12430158572202,FALSE
-0.132945263354092,-0.79488626104417,0.112885945265938,1.12430158572202,0,1,-0.148842988574975,-0.991292166492688,0.135371976980378,1.45015332597216,FALSE
-0.148842988574975,-0.991292166492688,0.135371976980378,1.45015332597216,1,1,-0.168668831904829,-0.798068640621251,0.164375043499822,1.20264759767691,FALSE
-0.168668831904829,-0.798068640621251,0.164375043499822,1.20264759767691,1,1,-0.184630204717254,-0.605408403454621,0.18842799545336,0.965661531030792,FALSE
-0.184630204717254,-0.605408403454621,0.18842799545336,0.965661531030792,0,1,-0.196738372786346,-0.802492783510935,0.207741226073976,1.31112607828414,FALSE
-0.196738372786346,-0.802492783510935,0.207741226073976,1.31112607828414,0,-100,-0.212788228456565,-0.999549796212729,0.233963747639658,1.66099386122666,TRUE
0.0146064324963254,-0.0487523259787825,0.0377798341771237,0.0406556747363668,0,1,0.0136313859767497,-0.244395096212555,0.038592947671851,0.345015051145807,FALSE
0.0136313859767497,-0.244395096212555,0.038592947671851,0.345015051145807,1,1,0.00874348405249862,-0.0498427862664762,0.0454932486947672,0.0647473964486695,FALSE
0.00874348405249862,-0.0498427862664762,0.0454932486947672,0.0647473964486695,0,1,0.0077466283271691,-0.245586469065568,0.0467881966237406,0.371429536490132,FALSE
0.0077466283271691,-0.245586469065568,0.0467881966237406,0.371429536490132,0,1,0.00283489894585774,-0.441340824290524,0.0542167873535432,0.678490439869982,FALSE
0.00283489894585774,-0.441340824290524,0.0542167873535432,0.678490439869982,0,1,-0.00599191753995275,-0.637172384103777,0.0677865961509428,0.987738083645284,FALSE
-0.00599191753995275,-0.637172384103777,0.0677865961509428,0.987738083645284,0,1,-0.0187353652220283,-0.833133261679998,0.0875413578238485,1.30091832527765,FALSE
-0.0187353652220283,-0.833133261679998,0.0875413578238485,1.30091832527765,1,1,-0.0353980304556282,-0.639224476883264,0.113559724329401,1.03687324898969,FALSE
-0.0353980304556282,-0.639224476883264,0.113559724329401,1.03687324898969,0,1,-0.0481825199932935,-0.835657661980297,0.134297189309195,1.36294004095378,FALSE
-0.0481825199932935,-0.835657661980297,0.134297189309195,1.36294004095378,1,1,-0.0648956732328995,-0.64244944403503,0.161555990128271,1.11510207291429,FALSE
-0.0648956732328995,-0.64244944403503,0.161555990128271,1.11510207291429,1,1,-0.0777446621136001,-0.449773978204056,0.183858031586557,0.877143462827297,FALSE
-0.0777446621136001,-0.449773978204056,0.183858031586557,0.877143462827297,1,1,-0.0867401416776812,-0.257562659404252,0.201400900843103,0.647436109807096,FALSE
-0.0867401416776812,-0.257562659404252,0.201400900843103,0.647436109807096,1,-100,-0.0918913948657662,-0.0657315029920332,0.214349623039245,0.424317894334108,TRUE
-0.0195911238461502,0.0182889344990758,0.00619509501965171,-0.0258493383776573,0,1,-0.0192253451561687,-0.176921308948192,0.00567810825209856,0.268781754086569,FALSE
-0.0192253451561687,-0.176921308948192,0.00567810825209856,0.268781754086569,1,1,-0.0227637713351326,0.018119151726513,0.0110537433338299,-0.0221048658703902,FALSE
-0.0227637713351326,0.018119151726513,0.0110537433338299,-0.0221048658703902,1,1,-0.0224013883006023,0.213080851311102,0.0106116460164221,-0.311279814986459,FALSE
-0.0224013883006023,0.213080851311102,0.0106116460164221,-0.311279814986459,1,1,-0.0181397712743803,0.408050024145778,0.00438604971669295,-0.600597342841391,FALSE
-0.0181397712743803,0.408050024145778,0.00438604971669295,-0.600597342841391,0,1,-0.00997877079146471,0.212866989632737,-0.00762589714013486,-0.306536112700326,FALSE
-0.00997877079146471,0.212866989632737,-0.00762589714013486,-0.306536112700326,1,1,-0.00572143099880998,0.408096773333857,-0.0137566193941414,-0.601614265232464,FALSE
-0.00572143099880998,0.408096773333857,-0.0137566193941414,-0.601614265232464,0,1,0.00244050446786716,0.213169928818919,-0.0257889046987907,-0.313295983198117,FALSE
0.00244050446786716,0.213169928818919,-0.0257889046987907,-0.313295983198117,1,1,0.00670390304424554,0.408649586816128,-0.032054824362753,-0.613999067799224,FALSE
0.00670390304424554,0.408649586816128,-0.032054824362753,-0.613999067799224,1,1,0.0148768947805681,0.604204451022781,-0.0443348057187375,-0.916603180366767,FALSE
0.0148768947805681,0.604204451022781,-0.0443348057187375,-0.916603180366767,1,1,0.0269609838010237,0.799896940837688,-0.0626668693260728,-1.22288363941554,FALSE
0.0269609838010237,0.799896940837688,-0.0626668693260728,-1.22288363941554,1,1,0.0429589226177775,0.995767696182223,-0.0871245421143836,-1.53452505579471,FALSE
0.0429589226177775,0.995767696182223,-0.0871245421143836,-1.53452505579471,1,1,0.062874276541422,1.19182430864413,-0.117815043230278,-1.85307674948775,FALSE
0.062874276541422,1.19182430864413,-0.117815043230278,-1.85307674948775,0,1,0.0867107627143046,0.998178387088528,-0.154876578220033,-1.59917899402289,FALSE
0.0867107627143046,0.998178387088528,-0.154876578220033,-1.59917899402289,1,1,0.106674330456075,1.19475899798875,-0.186860158100491,-1.93587237353546,FALSE
0.106674330456075,1.19475899798875,-0.186860158100491,-1.93587237353546,0,-100,0.13056951041585,1.00206233322449,-0.2255776055712,-1.70647670321364,TRUE
0.0266138152153176,-0.0487099555146621,-0.0456092150488259,-0.00804867166039051,0,1,0.0256396161050244,-0.243149138427702,-0.0457701884820337,0.269902340159673,FALSE
0.0256396161050244,-0.243149138427702,-0.0457701884820337,0.269902340159673,1,1,0.0207766333364704,-0.0474049277860301,-0.0403721416788402,-0.036858217157697,FALSE
0.0207766333364704,-0.0474049277860301,-0.0403721416788402,-0.036858217157697,0,1,0.0198285347807498,-0.241925379605047,-0.0411093060219942,0.242818519198562,FALSE
0.0198285347807498,-0.241925379605047,-0.0411093060219942,0.242818519198562,0,1,0.0149900271886488,-0.436436752192989,-0.036252935638023,0.522256341228502,FALSE
0.0149900271886488,-0.436436752192989,-0.036252935638023,0.522256341228502,1,1,0.00626129214478904,-0.240823784186075,-0.0258078088134529,0.218373656516184,FALSE
0.00626129214478904,-0.240823784186075,-0.0258078088134529,0.218373656516184,1,1,0.00144481646106755,-0.0453426007234034,-0.0214403356831293,-0.0823371284955952,FALSE
0.00144481646106755,-0.0453426007234034,-0.0214403356831293,-0.0823371284955952,0,1,0.000537964446599476,-0.240150750666902,-0.0230870782530412,0.203504960002121,FALSE
0.000537964446599476,-0.240150750666902,-0.0230870782530412,0.203504960002121,1,1,-0.00426505056673856,-0.044706368497854,-0.0190169790529987,-0.0963704839400428,FALSE
-0.00426505056673856,-0.044706368497854,-0.0190169790529987,-0.0963704839400428,0,1,-0.00515917793669564,-0.23955067113352,-0.0209443887317996,0.190252468328483,FALSE
-0.00515917793669564,-0.23955067113352,-0.0209443887317996,0.190252468328483,1,1,-0.00995019135936604,-0.0441354455686934,-0.0171393393652299,-0.108963280753018,FALSE
-0.00995019135936604,-0.0441354455686934,-0.0171393393652299,-0.108963280753018,0,1,-0.0108329002707399,-0.239007651983604,-0.0193186049802903,0.178263377049237,FALSE
-0.0108329002707399,-0.239007651983604,-0.0193186049802903,0.178263377049237,0,1,-0.015613053310412,-0.433847893934113,-0.0157533374393056,0.46478988805824,FALSE
-0.015613053310412,-0.433847893934113,-0.0157533374393056,0.46478988805824,1,1,-0.0242900111890943,-0.23850692105115,-0.00645753967814076,0.16718349631757,FALSE
-0.0242900111890943,-0.23850692105115,-0.00645753967814076,0.16718349631757,1,1,-0.0290601496101173,-0.0432931335532682,-0.00311386975178936,-0.127529583136577,FALSE
-0.0290601496101173,-0.0432931335532682,-0.00311386975178936,-0.127529583136577,1,1,-0.0299260122811826,0.151873286953015,-0.00566446141452091,-0.42119327084747,FALSE
-0.0299260122811826,0.151873286953015,-0.00566446141452091,-0.42119327084747,1,1,-0.0268885465421223,0.347075034436118,-0.0140883268314703,-0.715656537384313,FALSE
-0.0268885465421223,0.347075034436118,-0.0140883268314703,-0.715656537384313,0,1,-0.0199470458534,0.152150895085626,-0.0284014575791566,-0.427441175498185,FALSE
-0.0199470458534,0.152150895085626,-0.0284014575791566,-0.427441175498185,1,1,-0.0169040279516874,0.347663347334498,-0.0369502810891203,-0.728940486281161,FALSE
-0.0169040279516874,0.347663347334498,-0.0369502810891203,-0.728940486281161,0,1,-0.00995076100499747,0.153071115798887,-0.0515290908147435,-0.448112288088348,FALSE
-0.00995076100499747,0.153071115798887,-0.0515290908147435,-0.448112288088348,1,1,-0.00688933868901973,0.348882661830332,-0.0604913365765104,-0.756582596655275,FALSE
-0.00688933868901973,0.348882661830332,-0.0604913365765104,-0.756582596655275,0,1,8.83145475869141e-05,0.154644312216274,-0.0756229885096159,-0.483531586480111,FALSE
8.83145475869141e-05,0.154644312216274,-0.0756229885096159,-0.483531586480111,0,1,0.00318120079191239,-0.0393334423738611,-0.0852936202392182,-0.215608526829303,FALSE
0.00318120079191239,-0.0393334423738611,-0.0852936202392182,-0.215608526829303,0,1,0.00239453194443517,-0.233139029864996,-0.0896057907758042,0.0489971129972031,FALSE
0.00239453194443517,-0.233139029864996,-0.0896057907758042,0.0489971129972031,1,1,-0.00226824865286476,-0.0368540873363554,-0.0886258485158601,-0.270557946472916,FALSE
-0.00226824865286476,-0.0368540873363554,-0.0886258485158601,-0.270557946472916,1,1,-0.00300533039959186,0.159413417779929,-0.0940370074453184,-0.589825670555947,FALSE
-0.00300533039959186,0.159413417779929,-0.0940370074453184,-0.589825670555947,1,1,0.000182937956006725,0.355717546986246,-0.105833520856437,-0.910587043000567,FALSE
0.000182937956006725,0.355717546986246,-0.105833520856437,-0.910587043000567,0,1,0.00729728889573164,0.162174671014394,-0.124045261716449,-0.652954081167207,FALSE
0.00729728889573164,0.162174671014394,-0.124045261716449,-0.652954081167207,1,1,0.0105407823160195,0.35878572502721,-0.137104343339793,-0.9819804479044,FALSE
0.0105407823160195,0.35878572502721,-0.137104343339793,-0.9819804479044,0,1,0.0177164968165637,0.165740783960381,-0.156743952297881,-0.735312873204515,FALSE
0.0177164968165637,0.165740783960381,-0.156743952297881,-0.735312873204515,0,1,0.0210313124957714,-0.0269087118177931,-0.171450209761971,-0.495775478611254,FALSE
0.0210313124957714,-0.0269087118177931,-0.171450209761971,-0.495775478611254,0,1,0.0204931382594155,-0.219250966743604,-0.181365719334196,-0.261651943338088,FALSE
0.0204931382594155,-0.219250966743604,-0.181365719334196,-0.261651943338088,1,1,0.0161081189245434,-0.0220660897355405,-0.186598758200958,-0.605607679289507,FALSE
0.0161081189245434,-0.0220660897355405,-0.186598758200958,-0.605607679289507,0,1,0.0156667971298326,-0.21415626940126,-0.198710911786748,-0.377016402190853,FALSE
0.0156667971298326,-0.21415626940126,-0.198710911786748,-0.377016402190853,1,1,0.0113836717418074,-0.0168489170007571,-0.206251239830565,-0.725190767436151,FALSE
0.0113836717418074,-0.0168489170007571,-0.206251239830565,-0.725190767436151,1,-100,0.0110466934017923,0.1804373046149,-0.220755055179288,-1.07505688750504,TRUE
-0.0086594134709805,0.0378181790424796,-0.0200237578075034,-0.0158598740054279,0,1,-0.00790304989013091,-0.157010968746944,-0.020340955287612,0.270438670543358,FALSE
-0.00790304989013091,-0.157010968746944,-0.020340955287612,0.270438670543358,1,1,-0.0110432692650698,0.03839525473334,-0.0149321818767448,-0.0285898575913439,FALSE
-0.0110432692650698,0.03839525473334,-0.0149321818767448,-0.0285898575913439,0,1,-0.010275364170403,-0.156509411274074,-0.0155039790285717,0.259344650265684,FALSE
-0.010275364170403,-0.156509411274074,-0.0155039790285717,0.259344650265684,1,1,-0.0134055523958845,0.0388304013274265,-0.010317086023258,-0.0381878407019715,FALSE
-0.0134055523958845,0.0388304013274265,-0.010317086023258,-0.0381878407019715,0,1,-0.0126289443693359,-0.156142094476743,-0.0110808428372974,0.251222168676343,FALSE
-0.0126289443693359,-0.156142094476743,-0.0110808428372974,0.251222168676343,1,1,-0.0157517862588708,0.0391363226044323,-0.00605639946377057,-0.0449351752996992,FALSE
-0.0157517862588708,0.0391363226044323,-0.00605639946377057,-0.0449351752996992,1,1,-0.0149690598067821,0.234344593487592,-0.00695510296976455,-0.339522782022148,FALSE
-0.0149690598067821,0.234344593487592,-0.00695510296976455,-0.339522782022148,1,1,-0.0102821679370303,0.429564814677016,-0.0137455586102075,-0.634390815014531,FALSE
-0.0102821679370303,0.429564814677016,-0.0137455586102075,-0.634390815014531,0,1,-0.00169087164348999,0.234637267910324,-0.0264333749104981,-0.346068183668512,FALSE
-0.00169087164348999,0.234637267910324,-0.0264333749104981,-0.346068183668512,0,1,0.0030018737147165,0.0399010990162547,-0.0333547385838684,-0.0618364816549011,FALSE
0.0030018737147165,0.0399010990162547,-0.0333547385838684,-0.0618364816549011,1,1,0.00379989569504159,0.23548501122247,-0.0345914682169664,-0.364853644038519,FALSE
0.00379989569504159,0.23548501122247,-0.0345914682169664,-0.364853644038519,0,1,0.008509595919491,0.0408712974781562,-0.0418885410977368,-0.0832755712715622,FALSE
0.008509595919491,0.0408712974781562,-0.0418885410977368,-0.0832755712715622,0,1,0.00932702186905412,-0.153625939858859,-0.043554052523168,0.195902736330686,FALSE
0.00932702186905412,-0.153625939858859,-0.043554052523168,0.195902736330686,0,1,0.00625450307187693,-0.348098706013541,-0.0396359977965543,0.474534406220204,FALSE
0.00625450307187693,-0.348098706013541,-0.0396359977965543,0.474534406220204,1,1,-0.00070747104839388,-0.15244009671799,-0.0301453096721502,0.169627066233181,FALSE
-0.00070747104839388,-0.15244009671799,-0.0301453096721502,0.169627066233181,0,1,-0.00375627298275367,-0.347117887228701,-0.0267527683474866,0.452649699682969,FALSE
-0.00375627298275367,-0.347117887228701,-0.0267527683474866,0.452649699682969,1,1,-0.0106986307273277,-0.1516280274711,-0.0176997743538272,0.151655463700833,FALSE
-0.0106986307273277,-0.1516280274711,-0.0176997743538272,0.151655463700833,1,1,-0.0137311912767497,0.0437428362349267,-0.0146666650798105,-0.146558390381899,FALSE
-0.0137311912767497,0.0437428362349267,-0.0146666650798105,-0.146558390381899,0,1,-0.0128563345520512,-0.151166043429618,-0.0175978328874485,0.141461639444159,FALSE
-0.0128563345520512,-0.151166043429618,-0.0175978328874485,0.141461639444159,0,1,-0.0158796554206435,-0.346031596469021,-0.0147686000985653,0.428541214319224,FALSE
-0.0158796554206435,-0.346031596469021,-0.0147686000985653,0.428541214319224,1,1,-0.022800287350024,-0.150703635764555,-0.00619777581218085,0.131239414553008,FALSE
-0.022800287350024,-0.150703635764555,-0.00619777581218085,0.131239414553008,1,1,-0.025814360065315,0.0445065455455469,-0.0035729875211207,-0.163392367981103,FALSE
-0.025814360065315,0.0445065455455469,-0.0035729875211207,-0.163392367981103,0,1,-0.0249242291544041,-0.150564075084163,-0.00684083488074276,0.128161239130561,FALSE
-0.0249242291544041,-0.150564075084163,-0.00684083488074276,0.128161239130561,0,1,-0.0279355106560874,-0.345587363619685,-0.00427761009813155,0.418678137310143,FALSE
-0.0279355106560874,-0.345587363619685,-0.00427761009813155,0.418678137310143,1,1,-0.0348472579284811,-0.150405058820232,0.00409595264807131,0.124649745150097,FALSE
-0.0348472579284811,-0.150405058820232,0.00409595264807131,0.124649745150097,1,1,-0.0378553591048857,0.0446579737372088,0.00658894755107326,-0.166738142573873,FALSE
-0.0378553591048857,0.0446579737372088,0.00658894755107326,-0.166738142573873,1,1,-0.0369621996301415,0.239684991731768,0.0032541846995958,-0.457335182814454,FALSE
-0.0369621996301415,0.239684991731768,0.0032541846995958,-0.457335182814454,1,1,-0.0321684997955062,0.434760786383165,-0.00589251895669328,-0.748990596831568,FALSE
-0.0321684997955062,0.434760786383165,-0.00589251895669328,-0.748990596831568,1,1,-0.0234732840678429,0.629963522079378,-0.0208723308933246,-1.04352200759876,FALSE
-0.0234732840678429,0.629963522079378,-0.0208723308933246,-1.04352200759876,0,1,-0.0108740136262553,0.435124860984925,-0.0417427710452998,-0.757463695085762,FALSE
-0.0108740136262553,0.435124860984925,-0.0417427710452998,-0.757463695085762,0,1,-0.00217151640655682,0.240602294618012,-0.0568920449470151,-0.478202830292357,FALSE
-0.00217151640655682,0.240602294618012,-0.0568920449470151,-0.478202830292357,1,1,0.00264052948580341,0.436479375836166,-0.0664561015528622,-0.788260322825497,FALSE
0.00264052948580341,0.436479375836166,-0.0664561015528622,-0.788260322825497,0,1,0.0113701170025267,0.242330090182496,-0.0822213080093722,-0.51720295598678,FALSE
0.0113701170025267,0.242330090182496,-0.0822213080093722,-0.51720295598678,0,1,0.0162167188061766,0.0484562576880649,-0.0925653671291077,-0.251520481256434,FALSE
0.0162167188061766,0.0484562576880649,-0.0925653671291077,-0.251520481256434,0,1,0.0171858439599379,-0.14523035994857,-0.0975957767542364,0.010590281938604,FALSE
0.0171858439599379,-0.14523035994857,-0.0975957767542364,0.010590281938604,0,1,0.0142812367609666,-0.33882702779614,-0.0973839711154644,0.270955754283975,FALSE
0.0142812367609666,-0.33882702779614,-0.0973839711154644,0.270955754283975,0,1,0.00750469620504375,-0.532434203307025,-0.0919648560297849,0.531404875462337,FALSE
0.00750469620504375,-0.532434203307025,-0.0919648560297849,0.531404875462337,0,1,-0.00314398786109676,-0.726150426232467,-0.0813367585205381,0.793751732589307,FALSE
-0.00314398786109676,-0.726150426232467,-0.0813367585205381,0.793751732589307,1,1,-0.0176669963857461,-0.530011801633327,-0.065461723868752,0.47662980137037,FALSE
-0.0176669963857461,-0.530011801633327,-0.065461723868752,0.47662980137037,1,1,-0.0282672324184126,-0.334029574762641,-0.0559291278413446,0.164054104597055,FALSE
-0.0282672324184126,-0.334029574762641,-0.0559291278413446,0.164054104597055,1,1,-0.0349478239136654,-0.13815344341778,-0.0526480457494035,-0.145735269271039,FALSE
-0.0349478239136654,-0.13815344341778,-0.0526480457494035,-0.145735269271039,0,1,-0.0377108927820211,-0.332483452679784,-0.0555627511348243,0.129884476715642,FALSE
-0.0377108927820211,-0.332483452679784,-0.0555627511348243,0.129884476715642,0,1,-0.0443605618356167,-0.526767263349552,-0.0529650616005114,0.40453341594496,FALSE
-0.0443605618356167,-0.526767263349552,-0.0529650616005114,0.40453341594496,1,1,-0.0548959071026078,-0.330935747583454,-0.0448743932816122,0.0956336216908413,FALSE
-0.0548959071026078,-0.330935747583454,-0.0448743932816122,0.0956336216908413,0,1,-0.0615146220542769,-0.52538676611737,-0.0429617208477954,0.373827878397301,FALSE
-0.0615146220542769,-0.52538676611737,-0.0429617208477954,0.373827878397301,0,1,-0.0720223573766242,-0.719872947218935,-0.0354851632798494,0.652661106878271,FALSE
-0.0720223573766242,-0.719872947218935,-0.0354851632798494,0.652661106878271,1,1,-0.086419816321003,-0.524275271751762,-0.0224319411422839,0.349018847587366,FALSE
-0.086419816321003,-0.524275271751762,-0.0224319411422839,0.349018847587366,1,1,-0.0969053217560382,-0.328841581687417,-0.0154515641905366,0.0493476272790603,FALSE
-0.0969053217560382,-0.328841581687417,-0.0154515641905366,0.0493476272790603,1,1,-0.103482153389787,-0.133501516639119,-0.0144646116449554,-0.248170071895994,FALSE
-0.103482153389787,-0.133501516639119,-0.0144646116449554,-0.248170071895994,0,1,-0.106152183722569,-0.328413938452755,-0.0194280130828753,0.0399155284119771,FALSE
-0.106152183722569,-0.328413938452755,-0.0194280130828753,0.0399155284119771,0,1,-0.112720462491624,-0.523251983451862,-0.0186297025146357,0.326405965234367,FALSE
-0.112720462491624,-0.523251983451862,-0.0186297025146357,0.326405965234367,0,1,-0.123185502160661,-0.718103807889536,-0.0121015832099484,0.613156167828345,FALSE
-0.123185502160661,-0.718103807889536,-0.0121015832099484,0.613156167828345,1,1,-0.137547578318452,-0.522814850402896,0.000161540146618481,0.316686402517064,FALSE
-0.137547578318452,-0.522814850402896,0.000161540146618481,0.316686402517064,1,1,-0.14800387532651,-0.327695200472247,0.00649526819695976,0.0240544242427568,FALSE
-0.14800387532651,-0.327695200472247,0.00649526819695976,0.0240544242427568,1,1,-0.154557779335955,-0.132666996654039,0.00697635668181489,-0.266572115121732,FALSE
-0.154557779335955,-0.132666996654039,0.00697635668181489,-0.266572115121732,0,1,-0.157211119269036,-0.327887816935402,0.00164491437938025,0.0283030215739574,FALSE
-0.157211119269036,-0.327887816935402,0.00164491437938025,0.0283030215739574,1,1,-0.163768875607744,-0.13278949349296,0.00221097481085939,-0.263860463065854,FALSE
-0.163768875607744,-0.13278949349296,0.00221097481085939,-0.263860463065854,0,1,-0.166424665477603,-0.327942933240811,-0.00306623445045768,0.0295190071285434,FALSE
-0.166424665477603,-0.327942933240811,-0.00306623445045768,0.0295190071285434,0,1,-0.172983524142419,-0.523020778852738,-0.00247585430788682,0.321232928470409,FALSE
-0.172983524142419,-0.523020778852738,-0.00247585430788682,0.321232928470409,0,1,-0.183443939719474,-0.718107384595436,0.00394880426152136,0.613134039772661,FALSE
-0.183443939719474,-0.718107384595436,0.00394880426152136,0.613134039772661,0,1,-0.197806087411383,-0.913284295894679,0.0162114850569746,0.90705806960701,FALSE
-0.197806087411383,-0.913284295894679,0.0162114850569746,0.90705806960701,1,1,-0.216071773329276,-0.718385535787803,0.0343526464491148,0.619514312782497,FALSE
-0.216071773329276,-0.718385535787803,0.0343526464491148,0.619514312782497,0,1,-0.230439484045032,-0.913970024446315,0.0467429327047647,0.922815646946269,FALSE
-0.230439484045032,-0.913970024446315,0.0467429327047647,0.922815646946269,0,1,-0.248718884533959,-1.10969127361713,0.0651992456436901,1.22981427377283,FALSE
-0.248718884533959,-1.10969127361713,0.0651992456436901,1.22981427377283,0,1,-0.270912710006301,-1.30558864639062,0.0897955311191468,1.54219099328059,FALSE
-0.270912710006301,-1.30558864639062,0.0897955311191468,1.54219099328059,1,1,-0.297024482934113,-1.11165361952819,0.120639350984758,1.27882489562692,FALSE
-0.297024482934113,-1.11165361952819,0.120639350984758,1.27882489562692,1,1,-0.319257555324677,-0.918258013801106,0.146215848897297,1.02622191561155,FALSE
-0.319257555324677,-0.918258013801106,0.146215848897297,1.02622191561155,1,1,-0.337622715600699,-0.725353179084096,0.166740287209528,0.782786703165492,FALSE
-0.337622715600699,-0.725353179084096,0.166740287209528,0.782786703165492,1,1,-0.352129779182381,-0.532867195093765,0.182396021272838,0.546856912262082,FALSE
-0.352129779182381,-0.532867195093765,0.182396021272838,0.546856912262082,0,1,-0.362787123084257,-0.73001979643513,0.193333159518079,0.891007828866225,FALSE
-0.362787123084257,-0.73001979643513,0.193333159518079,0.891007828866225,0,-100,-0.377387519012959,-0.927164542733848,0.211153316095404,1.23770204565239,TRUE
0.0392064100346375,-0.01915157829996,-0.0147979986235786,0.0368906702460864,0,1,0.0388233784686383,-0.214058232433381,-0.0140601852186569,0.324868188610744,FALSE
0.0388233784686383,-0.214058232433381,-0.0140601852186569,0.324868188610744,0,1,0.0345422138199706,-0.408977194933495,-0.00756282144644203,0.613084174605833,FALSE
0.0345422138199706,-0.408977194933495,-0.00756282144644203,0.613084174605833,1,1,0.0263626699213007,-0.213750376244275,0.00469886204567462,0.318028872906579,FALSE
0.0263626699213007,-0.213750376244275,0.00469886204567462,0.318028872906579,1,1,0.0220876623964152,-0.0186956640502597,0.0110594395038062,0.0268314949717068,FALSE
0.0220876623964152,-0.0186956640502597,0.0110594395038062,0.0268314949717068,0,1,0.02171374911541,-0.213974455520541,0.0115960694032403,0.322983177704462,FALSE
0.02171374911541,-0.213974455520541,0.0115960694032403,0.322983177704462,1,1,0.0174342600049992,-0.0190195319596099,0.0180557329573296,0.0339796216613418,FALSE
0.0174342600049992,-0.0190195319596099,0.0180557329573296,0.0339796216613418,1,1,0.017053869365807,0.175838902522788,0.0187353253905564,-0.252952290018616,FALSE
0.017053869365807,0.175838902522788,0.0187353253905564,-0.252952290018616,0,1,0.0205706474162628,-0.0195454907048597,0.0136762795901841,0.0455807279964801,FALSE
0.0205706474162628,-0.0195454907048597,0.0136762795901841,0.0455807279964801,0,1,0.0201797376021656,-0.214860854711776,0.0145878941501137,0.342547076361037,FALSE
0.0201797376021656,-0.214860854711776,0.0145878941501137,0.342547076361037,1,1,0.0158825205079301,-0.0199494504424233,0.0214388356773344,0.0544997670045169,FALSE
0.0158825205079301,-0.0199494504424233,0.0214388356773344,0.0544997670045169,0,1,0.0154835314990816,-0.215372138362255,0.0225288310174248,0.353868970658141,FALSE
0.0154835314990816,-0.215372138362255,0.0225288310174248,0.353868970658141,0,1,0.0111760887318365,-0.410807067810473,0.0296062104305876,0.653569889532424,FALSE
0.0111760887318365,-0.410807067810473,0.0296062104305876,0.653569889532424,1,1,0.00295994737562706,-0.21610961225791,0.0426776082212361,0.370354644478635,FALSE
0.00295994737562706,-0.21610961225791,0.0426776082212361,0.370354644478635,1,1,-0.00136224486953113,-0.0216191725249136,0.0500847011108088,0.0914280333404325,FALSE
-0.00136224486953113,-0.0216191725249136,0.0500847011108088,0.0914280333404325,0,1,-0.0017946283200294,-0.217421893784754,0.0519132617776174,0.399482563938009,FALSE
-0.0017946283200294,-0.217421893784754,0.0519132617776174,0.399482563938009,0,1,-0.00614306619572449,-0.413240361703172,0.0599029130563776,0.708070203078572,FALSE
-0.00614306619572449,-0.413240361703172,0.0599029130563776,0.708070203078572,1,1,-0.0144078734297879,-0.218997109227409,0.0740643171179491,0.434828854577304,FALSE
-0.0144078734297879,-0.218997109227409,0.0740643171179491,0.434828854577304,0,1,-0.0187878156143361,-0.415085159240527,0.0827608942094951,0.749909571065562,FALSE
-0.0187878156143361,-0.415085159240527,0.0827608942094951,0.749909571065562,0,1,-0.0270895187991466,-0.611245169819049,0.0977590856308064,1.06744641952941,FALSE
-0.0270895187991466,-0.611245169819049,0.0977590856308064,1.06744641952941,1,1,-0.0393144221955276,-0.417542831957586,0.119108014021395,0.806975607813114,FALSE
-0.0393144221955276,-0.417542831957586,0.119108014021395,0.806975607813114,0,1,-0.0476652788346793,-0.614078311599231,0.135247526177657,1.13462517008581,FALSE
-0.0476652788346793,-0.614078311599231,0.135247526177657,1.13462517008581,0,1,-0.059946845066664,-0.810685448762961,0.157940029579373,1.46648440798859,FALSE
-0.059946845066664,-0.810685448762961,0.157940029579373,1.46648440798859,0,1,-0.0761605540419232,-1.00734902348124,0.187269717739145,1.8040496327251,FALSE
-0.0761605540419232,-1.00734902348124,0.187269717739145,1.8040496327251,1,-100,-0.096307534511548,-0.814747771081596,0.223350710393647,1.57493490462152,TRUE
-0.0066780786966514,-0.0426379466429743,0.0197339676107284,-0.00406536108103922,1,1,-0.00753083762951089,0.152195513362859,0.0196526603891076,-0.290457237596625,FALSE
-0.00753083762951089,0.152195513362859,0.0196526603891076,-0.290457237596625,0,1,-0.00448692736225371,-0.0432010744416387,0.0138435156371751,0.00835855557704235,FALSE
-0.00448692736225371,-0.0432010744416387,0.0138435156371751,0.00835855557704235,1,1,-0.00535094885108648,0.151719633681943,0.0140106867487159,-0.279924627073745,FALSE
-0.00535094885108648,0.151719633681943,0.0140106867487159,-0.279924627073745,1,1,-0.00231655617744763,0.346638948964814,0.00841219420724104,-0.568155896426007,FALSE
-0.00231655617744763,0.346638948964814,0.00841219420724104,-0.568155896426007,0,1,0.00461622280184866,0.151400020374125,-0.0029509237212791,-0.27283470961475,FALSE
0.00461622280184866,0.151400020374125,-0.0029509237212791,-0.27283470961475,0,1,0.00764422320933116,-0.0436797005336654,-0.0084076179135741,0.018916027374472,FALSE
0.00764422320933116,-0.0436797005336654,-0.0084076179135741,0.018916027374472,1,1,0.00677062919865785,0.15156180979041,-0.00802929736608466,-0.276407697788106,FALSE
0.00677062919865785,0.15156180979041,-0.00802929736608466,-0.276407697788106,0,1,0.00980186539446605,-0.0434446731011481,-0.0135574513218468,0.0137320095439872,FALSE
0.00980186539446605,-0.0434446731011481,-0.0135574513218468,0.0137320095439872,0,1,0.00893297193244309,-0.238369595541052,-0.013282811130967,0.302106753973346,FALSE
0.00893297193244309,-0.238369595541052,-0.013282811130967,0.302106753973346,1,1,0.00416558002162204,-0.0430608757121934,-0.00724067605150012,0.0052644863973963,FALSE
0.00416558002162204,-0.0430608757121934,-0.00724067605150012,0.0052644863973963,0,1,0.00330436250737818,-0.238078240763313,-0.0071353863235522,0.295654125660721,FALSE
0.00330436250737818,-0.238078240763313,-0.0071353863235522,0.295654125660721,1,1,-0.00145720230788809,-0.0428552969017237,-0.00122230381033777,0.00072937870606854,FALSE
-0.00145720230788809,-0.0428552969017237,-0.00122230381033777,0.00072937870606854,0,1,-0.00231430824592256,-0.237959697185341,-0.0012077162362164,0.293026403282391,FALSE
-0.00231430824592256,-0.237959697185341,-0.0012077162362164,0.293026403282391,0,1,-0.00707350218962939,-0.433064408351516,0.00465281182943142,0.585328188112893,FALSE
-0.00707350218962939,-0.433064408351516,0.00465281182943142,0.585328188112893,0,1,-0.0157347903566597,-0.628251222345907,0.0163593755916893,0.879473161703,FALSE
-0.0157347903566597,-0.628251222345907,0.0163593755916893,0.879473161703,0,1,-0.0282998148035778,-0.823591579796172,0.0339488388257493,1.17725393156235,FALSE
-0.0282998148035778,-0.823591579796172,0.0339488388257493,1.17725393156235,0,1,-0.0447716463995013,-1.01913765456595,0.0574939174569964,1.48038307285262,FALSE
-0.0447716463995013,-1.01913765456595,0.0574939174569964,1.48038307285262,0,1,-0.0651543994908203,-1.21491217810381,0.0871015789140487,1.79045353577308,FALSE
-0.0651543994908203,-1.21491217810381,0.0871015789140487,1.79045353577308,1,1,-0.0894526430528965,-1.02086845966104,0.12291064962951,1.52606686835437,FALSE
-0.0894526430528965,-1.02086845966104,0.12291064962951,1.52606686835437,1,1,-0.109870012246117,-0.827425723131365,0.153431986996598,1.27413658007597,FALSE
-0.109870012246117,-0.827425723131365,0.153431986996598,1.27413658007597,0,1,-0.126418526708745,-1.02413549420504,0.178914718598117,1.61066715541318,FALSE
-0.126418526708745,-1.02413549420504,0.178914718598117,1.61066715541318,1,-100,-0.146901236592845,-0.831520971919315,0.211128061706381,1.37867805767678,TRUE
0.0162490010689716,-0.0388094989899868,-0.00156979815613568,0.034806602221231,1,1,0.0154728110891718,0.156334928353056,-0.000873666111711065,-0.258371198595889,FALSE
0.0154728110891718,0.156334928353056,-0.000873666111711065,-0.258371198595889,1,1,0.0185995096562329,0.351469341418712,-0.00604109008362885,-0.551329564290076,FALSE
0.0185995096562329,0.351469341418712,-0.00604109008362885,-0.551329564290076,0,1,0.0256288964846072,0.156432755495615,-0.0170676813694304,-0.260556093432281,FALSE
0.0256288964846072,0.156432755495615,-0.0170676813694304,-0.260556093432281,0,1,0.0287575515945195,-0.0384414447783545,-0.022278803238076,0.0266949773289153,FALSE
0.0287575515945195,-0.0384414447783545,-0.022278803238076,0.0266949773289153,1,1,0.0279887226989524,0.156992799286946,-0.0217449036914977,-0.27293306598466,FALSE
0.0279887226989524,0.156992799286946,-0.0217449036914977,-0.27293306598466,1,1,0.0311285786846913,0.352418165470293,-0.0272035650111909,-0.572394312055389,FALSE
0.0311285786846913,0.352418165470293,-0.0272035650111909,-0.572394312055389,0,1,0.0381769419940971,0.15768800815493,-0.0386514512522987,-0.288404011316053,FALSE
0.0381769419940971,0.15768800815493,-0.0386514512522987,-0.288404011316053,0,1,0.0413307021571957,-0.0368620561906123,-0.0444195314786197,-0.00815756896303294,FALSE
0.0413307021571957,-0.0368620561906123,-0.0444195314786197,-0.00815756896303294,1,1,0.0405934610333835,0.158867856107745,-0.0445826828578804,-0.31451788790656,FALSE
0.0405934610333835,0.158867856107745,-0.0445826828578804,-0.31451788790656,1,1,0.0437708181555384,0.354595593289575,-0.0508730406160116,-0.620920735517632,FALSE
0.0437708181555384,0.354595593289575,-0.0508730406160116,-0.620920735517632,1,1,0.0508627300213299,0.550389707407099,-0.0632914553263642,-0.929182165845205,FALSE
0.0508627300213299,0.550389707407099,-0.0632914553263642,-0.929182165845205,1,1,0.0618705241694719,0.746306304395621,-0.0818750986432683,-1.24106392175293,FALSE
0.0618705241694719,0.746306304395621,-0.0818750986432683,-1.24106392175293,1,1,0.0767966502573843,0.942378370643904,-0.106696377078327,-1.55823118444187,FALSE
0.0767966502573843,0.942378370643904,-0.106696377078327,-1.55823118444187,1,1,0.0956442176702624,1.13860381410697,-0.137861000767164,-1.88220479957106,FALSE
0.0956442176702624,1.13860381410697,-0.137861000767164,-1.88220479957106,1,1,0.118416293952402,1.3349316588635,-0.175505096758585,-2.21430536101983,FALSE
0.118416293952402,1.3349316588635,-0.175505096758585,-2.21430536101983,0,-100,0.145114927129672,1.14187077634643,-0.219791203978982,-1.98049661879789,TRUE
0.0220107097992272,0.0272676858488606,0.0388463178446967,-0.0128228954955756,0,1,0.0225560635162044,-0.168389218844714,0.0385898599347852,0.291858994603511,FALSE
0.0225560635162044,-0.168389218844714,0.0385898599347852,0.291858994603511,0,1,0.0191882791393101,-0.364039541372899,0.0444270398268554,0.596458590139868,FALSE
0.0191882791393101,-0.364039541372899,0.0444270398268554,0.596458590139868,0,1,0.0119074883118521,-0.559754141560296,0.0563562116296528,0.902798070961644,FALSE
0.0119074883118521,-0.559754141560296,0.0563562116296528,0.902798070961644,0,1,0.000712405480646194,-0.755592361271323,0.0744121730488857,1.21264899119342,FALSE
0.000712405480646194,-0.755592361271323,0.0744121730488857,1.21264899119342,1,1,-0.0143994417447803,-0.56150548839419,0.098665152872754,0.944181324099666,FALSE
-0.0143994417447803,-0.56150548839419,0.098665152872754,0.944181324099666,0,1,-0.0256295515126641,-0.757808229632469,0.117548779354747,1.26616388449136,FALSE
-0.0256295515126641,-0.757808229632469,0.117548779354747,1.26616388449136,1,1,-0.0407857161053134,-0.564367861190527,0.142872057044575,1.01248551011394,FALSE
-0.0407857161053134,-0.564367861190527,0.142872057044575,1.01248551011394,0,1,-0.052073073329124,-0.761076823685641,0.163121767246853,1.34640422150434,FALSE
-0.052073073329124,-0.761076823685641,0.163121767246853,1.34640422150434,0,1,-0.0672946098028368,-0.957829994683883,0.19004985167694,1.68536156552212,FALSE
-0.0672946098028368,-0.957829994683883,0.19004985167694,1.68536156552212,1,-100,-0.0864512096965145,-0.765347590734176,0.223757082987383,1.45737538808559,TRUE
0.0306874110811103,-0.0304813806241624,0.0233110225057777,-0.0431576762404808,1,1,0.0300777834686271,0.16429867657731,0.0224478689809681,-0.328395562538307,FALSE
0.0300777834686271,0.16429867657731,0.0224478689809681,-0.328395562538307,1,1,0.0333637570001733,0.359093981124448,0.015879957730202,-0.613915784213991,FALSE
0.0333637570001733,0.359093981124448,0.015879957730202,-0.613915784213991,0,1,0.0405456366226622,0.163753769227053,0.00360164204592216,-0.316273898890625,FALSE
0.0405456366226622,0.163753769227053,0.00360164204592216,-0.316273898890625,1,1,0.0438207120072033,0.358824234405215,-0.00272383593189034,-0.607818818372675,FALSE
0.0438207120072033,0.358824234405215,-0.00272383593189034,-0.607818818372675,0,1,0.0509971966953076,0.163740470932698,-0.0148802122993438,-0.315995065473088,FALSE
0.0509971966953076,0.163740470932698,-0.0148802122993438,-0.315995065473088,0,1,0.0542720061139616,-0.0311663997515637,-0.0212001136088056,-0.0280417471371314,FALSE
0.0542720061139616,-0.0311663997515637,-0.0212001136088056,-0.0280417471371314,0,1,0.0536486781189303,-0.22597801201643,-0.0217609485515482,0.257877639391862,FALSE
0.0536486781189303,-0.22597801201643,-0.0217609485515482,0.257877639391862,0,1,0.0491291178786017,-0.420782640860181,-0.016603395763711,0.543618185755023,FALSE
0.0491291178786017,-0.420782640860181,-0.016603395763711,0.543618185755023,1,1,0.0407134650613981,-0.225431343263828,-0.00573103204861054,0.2457504541253,FALSE
0.0407134650613981,-0.225431343263828,-0.00573103204861054,0.2457504541253,1,1,0.0362048381961215,-0.0302280092514385,-0.000816022966104536,-0.0487346525549187,FALSE
0.0362048381961215,-0.0302280092514385,-0.000816022966104536,-0.0487346525549187,1,1,0.0356002780110927,0.164905633527882,-0.00179071601720291,-0.341674929995649,FALSE
0.0356002780110927,0.164905633527882,-0.00179071601720291,-0.341674929995649,1,1,0.0388983906816504,0.360053016440176,-0.00862421461711588,-0.634922005262859,FALSE
0.0388983906816504,0.360053016440176,-0.00862421461711588,-0.634922005262859,0,1,0.0460994510104539,0.165052412350753,-0.0213226547223731,-0.344967464409423,FALSE
0.0460994510104539,0.165052412350753,-0.0213226547223731,-0.344967464409423,0,1,0.049400499257469,-0.0297598289191284,-0.0282220040105615,-0.0590839148161588,FALSE
0.049400499257469,-0.0297598289191284,-0.0282220040105615,-0.0590839148161588,0,1,0.0488053026790864,-0.224466001990667,-0.0294036823068847,0.224562874824676,FALSE
0.0488053026790864,-0.224466001990667,-0.0294036823068847,0.224562874824676,1,1,0.0443159826392731,-0.0289364143301505,-0.0249124248103912,-0.0772481650679837,FALSE
0.0443159826392731,-0.0289364143301505,-0.0249124248103912,-0.0772481650679837,0,1,0.04373725435267,-0.223692535336247,-0.0264573881117509,0.207471872359682,FALSE
0.04373725435267,-0.223692535336247,-0.0264573881117509,0.207471872359682,1,1,0.0392634036459451,-0.0282024449146314,-0.0223079506645572,-0.0934382025884523,FALSE
0.0392634036459451,-0.0282024449146314,-0.0223079506645572,-0.0934382025884523,1,1,0.0386993547476525,0.167232023655734,-0.0241767147163263,-0.393074959317464,FALSE
0.0386993547476525,0.167232023655734,-0.0241767147163263,-0.393074959317464,1,1,0.0420439952207672,0.362688567311621,-0.0320382139026755,-0.693281355426124,FALSE
0.0420439952207672,0.362688567311621,-0.0320382139026755,-0.693281355426124,1,1,0.0492977665669996,0.558239976347041,-0.045903841011198,-0.995875563044875,FALSE
0.0492977665669996,0.558239976347041,-0.045903841011198,-0.995875563044875,1,1,0.0604625660939404,0.753944778335798,-0.0658213522720955,-1.30261452409209,FALSE
0.0604625660939404,0.753944778335798,-0.0658213522720955,-1.30261452409209,1,1,0.0755414616606564,0.949837086776327,-0.0918736427539374,-1.61515420361777,FALSE
0.0755414616606564,0.949837086776327,-0.0918736427539374,-1.61515420361777,0,1,0.0945382033961829,0.75591127303827,-0.124176726826293,-1.35246514985515,FALSE
0.0945382033961829,0.75591127303827,-0.124176726826293,-1.35246514985515,0,1,0.109656428856948,0.562547965987952,-0.151226029823396,-1.10106774890214,FALSE
0.109656428856948,0.562547965987952,-0.151226029823396,-1.10106774890214,1,1,0.120907388176707,0.759300881314735,-0.173247384801439,-1.43712002865921,FALSE
0.120907388176707,0.759300881314735,-0.173247384801439,-1.43712002865921,1,1,0.136093405803002,0.956082830096711,-0.201989785374623,-1.7785545787977,FALSE
0.136093405803002,0.956082830096711,-0.201989785374623,-1.7785545787977,1,-100,0.155215062404936,1.15282492538212,-0.237560876950577,-2.12664987655263,TRUE
-0.0301271242248624,0.00237169197243203,-0.0203771655229849,0.0309411986203055,0,1,-0.0300796903854138,-0.192452202357507,-0.0197583415505788,0.317125897760606,FALSE
-0.0300796903854138,-0.192452202357507,-0.0197583415505788,0.317125897760606,1,1,-0.0339287344325639,0.00294551930669387,-0.0134158235953667,0.0182779502307599,FALSE
-0.0339287344325639,0.00294551930669387,-0.0134158235953667,0.0182779502307599,0,1,-0.0338698240464301,-0.191981489873841,-0.0130502645907515,0.306698017721075,FALSE
-0.0338698240464301,-0.191981489873841,-0.0130502645907515,0.306698017721075,0,1,-0.0377094538439069,-0.386915070973107,-0.00691630423633001,0.595236821572514,FALSE
-0.0377094538439069,-0.386915070973107,-0.00691630423633001,0.595236821572514,1,1,-0.045447755263369,-0.191697006979412,0.00498843219512027,0.300383352050616,FALSE
-0.045447755263369,-0.191697006979412,0.00498843219512027,0.300383352050616,0,1,-0.0492816954029572,-0.386889703896307,0.0109960992361326,0.594635347468275,FALSE
-0.0492816954029572,-0.386889703896307,0.0109960992361326,0.594635347468275,1,1,-0.0570194894808834,-0.191923371776501,0.0228888061854981,0.305436317784913,FALSE
-0.0570194894808834,-0.191923371776501,0.0228888061854981,0.305436317784913,1,1,-0.0608579569164134,0.00286505246058294,0.0289975325411964,0.020058936412702,FALSE
-0.0608579569164134,0.00286505246058294,0.0289975325411964,0.020058936412702,1,1,-0.0608006558672017,0.197559405663369,0.0293987112694504,-0.263335739566664,FALSE
-0.0608006558672017,0.197559405663369,0.0293987112694504,-0.263335739566664,1,1,-0.0568494677539344,0.392249659171285,0.0241319964781171,-0.546602951997927,FALSE
-0.0568494677539344,0.392249659171285,0.0241319964781171,-0.546602951997927,0,1,-0.0490044745705087,0.196797114503748,0.0131999374381586,-0.246415379302314,FALSE
-0.0490044745705087,0.196797114503748,0.0131999374381586,-0.246415379302314,0,1,-0.0450685322804337,0.00148915065431368,0.00827162985211229,0.0504017131506068,FALSE
-0.0450685322804337,0.00148915065431368,0.00827162985211229,0.0504017131506068,0,1,-0.0450387492673474,-0.193750424519554,0.00927966411512443,0.345682888715543,FALSE
-0.0450387492673474,-0.193750424519554,0.00927966411512443,0.345682888715543,0,1,-0.0489137577577385,-0.38900314000463,0.0161933218894353,0.641277533902457,FALSE
-0.0489137577577385,-0.38900314000463,0.0161933218894353,0.641277533902457,0,1,-0.0566938205578311,-0.584347042220764,0.0290188725674844,0.939015598790261,FALSE
-0.0566938205578311,-0.584347042220764,0.0290188725674844,0.939015598790261,0,1,-0.0683807614022464,-0.779847930388046,0.0477991845432896,1.24067381815997,FALSE
-0.0683807614022464,-0.779847930388046,0.0477991845432896,1.24067381815997,0,1,-0.0839777200100073,-0.975549902032705,0.072612660906489,1.54793909973278,FALSE
-0.0839777200100073,-0.975549902032705,0.072612660906489,1.54793909973278,1,1,-0.103488718050661,-0.781370853110191,0.103571442901145,1.27876742738222,FALSE
-0.103488718050661,-0.781370853110191,0.103571442901145,1.27876742738222,0,1,-0.119116135112865,-0.977649122225564,0.129146791448789,1.60200272161244,FALSE
-0.119116135112865,-0.977649122225564,0.129146791448789,1.60200272161244,1,1,-0.138669117557377,-0.784271027951359,0.161186845881038,1.35221491681485,FALSE
-0.138669117557377,-0.784271027951359,0.161186845881038,1.35221491681485,0,1,-0.154354538116404,-0.981007725397037,0.188231144217335,1.69067865994517,FALSE
-0.154354538116404,-0.981007725397037,0.188231144217335,1.69067865994517,1,-100,-0.173974692624344,-0.7884933772798,0.222044717416238,1.46202152116417,TRUE
-0.0105346650561883,0.0214552616894231,-0.0338382729129091,0.00843653325662178,1,1,-0.0101055598223998,0.217045749726081,-0.0336695422477766,-0.294727801082533,FALSE
-0.0101055598223998,0.217045749726081,-0.0336695422477766,-0.294727801082533,0,1,-0.00576464482787818,0.0224195893203799,-0.0395640982694273,-0.0128509968035853,FALSE
-0.00576464482787818,0.0224195893203799,-0.0395640982694273,-0.0128509968035853,0,1,-0.00531625304147058,-0.172113283845974,-0.039821118205499,0.267091152858045,FALSE
-0.00531625304147058,-0.172113283845974,-0.039821118205499,0.267091152858045,0,1,-0.00875851871839006,-0.366644956950756,-0.0344792951483381,0.54695302341696,FALSE
-0.00875851871839006,-0.366644956950756,-0.0344792951483381,0.54695302341696,1,1,-0.0160914178574052,-0.171055982110092,-0.0235402346799989,0.243609029811163,FALSE
-0.0160914178574052,-0.171055982110092,-0.0235402346799989,0.243609029811163,1,1,-0.019512537499607,0.0243941595558933,-0.0186680540837756,-0.0564051458203215,FALSE
-0.019512537499607,0.0243941595558933,-0.0186680540837756,-0.0564051458203215,0,1,-0.0190246543084892,-0.170455216558718,-0.0197961570001821,0.230329902499321,FALSE
-0.0190246543084892,-0.170455216558718,-0.0197961570001821,0.230329902499321,1,1,-0.0224337586396635,0.0249439395301343,-0.0151895589501956,-0.0685310926254576,FALSE
-0.0224337586396635,0.0249439395301343,-0.0151895589501956,-0.0685310926254576,1,1,-0.0219348798490608,0.220280330708271,-0.0165601808027048,-0.365967437246818,FALSE
-0.0219348798490608,0.220280330708271,-0.0165601808027048,-0.365967437246818,1,1,-0.0175292732348954,0.415633652328432,-0.0238795295476411,-0.663825711012088,FALSE
-0.0175292732348954,0.415633652328432,-0.0238795295476411,-0.663825711012088,1,1,-0.00921660018832676,0.611079522249943,-0.0371560437678829,-0.963930847238751,FALSE
-0.00921660018832676,0.611079522249943,-0.0371560437678829,-0.963930847238751,0,1,0.0030049902566721,0.416475927862907,-0.0564346607126579,-0.683148294131366,FALSE
0.0030049902566721,0.416475927862907,-0.0564346607126579,-0.683148294131366,0,1,0.0113345088139302,0.222181163607807,-0.0700976265952853,-0.408753111929508,FALSE
0.0113345088139302,0.222181163607807,-0.0700976265952853,-0.408753111929508,0,1,0.0157781320860864,0.0281194664020926,-0.0782726888338754,-0.138967269684176,FALSE
0.0157781320860864,0.0281194664020926,-0.0782726888338754,-0.138967269684176,1,1,0.0163405214141282,0.224270157253824,-0.0810520342275589,-0.455281141314195,FALSE
0.0163405214141282,0.224270157253824,-0.0810520342275589,-0.455281141314195,1,1,0.0208259245592047,0.420438966111729,-0.0901576570538428,-0.772371561149416,FALSE
0.0208259245592047,0.420438966111729,-0.0901576570538428,-0.772371561149416,1,1,0.0292347038814393,0.616678113883651,-0.105605088276831,-1.09200521648161,FALSE
0.0292347038814393,0.616678113883651,-0.105605088276831,-1.09200521648161,1,1,0.0415682661591123,0.813021102108569,-0.127445192606463,-1.41586916595854,FALSE
0.0415682661591123,0.813021102108569,-0.127445192606463,-1.41586916595854,1,1,0.0578286882012837,1.00947028438615,-0.155762575925634,-1.74552062913646,FALSE
0.0578286882012837,1.00947028438615,-0.155762575925634,-1.74552062913646,1,1,0.0780180938890066,1.20598295287922,-0.190672988508364,-2.08233026145724,FALSE
0.0780180938890066,1.20598295287922,-0.190672988508364,-2.08233026145724,1,-100,0.102137752946591,1.40245554812835,-0.232319593737508,-2.4274169199289,TRUE
-8.96733289817639e-05,-0.0277225466844175,-0.039222567599419,0.0150179036572738,1,1,-0.000644124262670113,0.167939314497019,-0.0389222095262735,-0.289777639383529,FALSE
-0.000644124262670113,0.167939314497019,-0.0389222095262735,-0.289777639383529,1,1,0.00271466202727026,0.363594038541237,-0.0447177623139441,-0.594477690419845,FALSE
0.00271466202727026,0.363594038541237,-0.0447177623139441,-0.594477690419845,1,1,0.00998654279809501,0.559312422441131,-0.056607316122341,-0.900904425753959,FALSE
0.00998654279809501,0.559312422441131,-0.056607316122341,-0.900904425753959,1,1,0.0211727912469176,0.75515380323854,-0.0746254046374202,-1.21082962292103,FALSE
0.0211727912469176,0.75515380323854,-0.0746254046374202,-1.21082962292103,0,1,0.0362758673116884,0.561070418393887,-0.0988419970958407,-0.942434311131549,FALSE
0.0362758673116884,0.561070418393887,-0.0988419970958407,-0.942434311131549,0,1,0.0474972756795662,0.367409272472957,-0.117690683318472,-0.682372704565095,FALSE
0.0474972756795662,0.367409272472957,-0.117690683318472,-0.682372704565095,0,1,0.0548454611290253,0.174101308304545,-0.131338137409774,-0.428937826065999,FALSE
0.0548454611290253,0.174101308304545,-0.131338137409774,-0.428937826065999,1,1,0.0583274872951162,0.370814884567128,-0.139916893931094,-0.759969404510823,FALSE
0.0583274872951162,0.370814884567128,-0.139916893931094,-0.759969404510823,0,1,0.0657437849864588,0.177869463225113,-0.15511628202131,-0.514381066673832,FALSE
0.0657437849864588,0.177869463225113,-0.15511628202131,-0.514381066673832,1,1,0.069301174250961,0.374796684215397,-0.165403903354787,-0.851646835496561,FALSE
0.069301174250961,0.374796684215397,-0.165403903354787,-0.851646835496561,1,1,0.076797107935269,0.571740564007545,-0.182436840064718,-1.19143811639932,FALSE
0.076797107935269,0.571740564007545,-0.182436840064718,-1.19143811639932,0,1,0.0882319192154199,0.379389365858578,-0.206265602392704,-0.961038957718762,FALSE
0.0882319192154199,0.379389365858578,-0.206265602392704,-0.961038957718762,1,-100,0.0958197065325914,0.576596465068324,-0.22548638154708,-1.31079217259997,TRUE
0.0223591459210986,0.0271543750805583,0.044610223368679,-0.0393993515753833,0,1,0.0229022334227098,-0.16857795335909,0.0438222363371713,0.26701810445825,FALSE
0.0229022334227098,-0.16857795335909,0.0438222363371713,0.26701810445825,1,1,0.019530674355528,0.0258920657430391,0.0491625984263363,-0.0115272612907616,FALSE
0.019530674355528,0.0258920657430391,0.0491625984263363,-0.0115272612907616,0,1,0.0200485156703888,-0.169899209228981,0.0489320532005211,0.296252789987643,FALSE
0.0200485156703888,-0.169899209228981,0.0489320532005211,0.296252789987643,0,1,0.0166505314858092,-0.365683336693575,0.0548571090002739,0.603957753623144,FALSE
0.0166505314858092,-0.365683336693575,0.0548571090002739,0.603957753623144,0,1,0.00933686475193765,-0.561527849305559,0.0669362640727368,0.913402519117481,FALSE
0.00933686475193765,-0.561527849305559,0.0669362640727368,0.913402519117481,0,1,-0.00189369223417354,-0.757488309686474,0.0852043144550864,1.2263495298162,FALSE
-0.00189369223417354,-0.757488309686474,0.0852043144550864,1.2263495298162,1,1,-0.017043458427903,-0.563560308650171,0.10973130505141,0.961532564688705,FALSE
-0.017043458427903,-0.563560308650171,0.10973130505141,0.961532564688705,0,1,-0.0283146646009064,-0.759972232082833,0.128961956345184,1.28657478834857,FALSE
-0.0283146646009064,-0.759972232082833,0.128961956345184,1.28657478834857,0,1,-0.0435141092425631,-0.956477756158201,0.154693452112156,1.61669518745391,FALSE
-0.0435141092425631,-0.956477756158201,0.154693452112156,1.61669518745391,1,1,-0.0626436643657271,-0.763481467186766,0.187027355861234,1.37595636469249,FALSE
-0.0626436643657271,-0.763481467186766,0.187027355861234,1.37595636469249,1,-100,-0.0779132937094624,-0.571122825317409,0.214546483155084,1.14711616840878,TRUE
